Workbook

Sheet Baca Dulu
A1: Menelusuri Jejak Daya Beli & Pergeseran Ekonomi Jawa Timur 2005–2025
A2: Workbook perencanaan UAS Visualisasi Data dan Informasi 2026 (Politeknik Statistika STIS)
A4: NAMA DOKUMEN-NYA APA? | B4: Sheet 'Master Plan' = Master Storytelling & Visualization Plan (sering disebut storyboard atau blueprint cerita). Sheet 'Data Inventory' = Data Inventory / Data Requirement Matrix (daftar kebutuhan data + log akses sumber).
A5: Cara pakai | B5: 1) Baca 'Master Plan' untuk alur cerita. 2) Cari data di 'Data Inventory' dan isi kolom kuning (judul persis, URL, tahun, tanggal, JAM akses). 3) Centang 'Checklist Dosen'. 4) Ikuti 'Timeline'. 5) Susun makalah dengan 'Struktur Makalah' dan 'Kandidat Referensi'.
A6: Warna sel | B6: Kuning = diisi kamu. Kolom Status: Belum (merah) / Proses (kuning) / Selesai (hijau). Angka dalam [kurung siku] pada narasi = placeholder yang harus diganti angka nyata.
A7: PERHATIAN: periode judul | B7: Judulmu memakai 2005–2025. Itu masih dalam rentang '20–30 tahun terakhir' dosen. TAPI PDRB kab/kota seri tahun dasar 2010 dan IPM metode baru mulai 2010, jadi 2005–2009 hanya realistis untuk seri tingkat provinsi (D01). Analisis inti kab/kota sebaiknya 2010–2025. Jika D01 untuk 2005–2009 tidak ketemu, ubah judul menjadi '...2010–2025'. Jelaskan alasan ini di Metodologi.
A8: PERHATIAN: 'daya beli' | B8: BPS tidak menyediakan distribusi kelas menengah per kab/kota. 'Daya beli' dioperasionalkan lewat proxy (pengeluaran per kapita disesuaikan, kemiskinan, PDRB per kapita). Tulis ini sebagai keterbatasan, dan jangan klaim 'kelas menengah' secara literal.
A9: PERHATIAN: PCA | B9: Jangan memasukkan IPM bersama komponennya (RLS, HLS, UHH, pengeluaran per kapita) dalam satu PCA karena redundan. Pakai ≥8 variabel tanpa IPM; IPM menjadi label/warna.
A10: PERHATIAN: tahun terbaru | B10: Pastikan tahun terakhir (2025) sudah rilis untuk SEMUA variabel kab/kota. Jika belum, pakai 2024 untuk semuanya. Jangan mencampur tahun berbeda dalam satu analisis.
A11: Deklarasi AI (Soal 7) | B11: Jika kamu memakai alat bantu AI, tulis di bagian Metodologi: alat apa, untuk apa (misal: perencanaan, bantuan kode), dan bahwa kamu bertanggung jawab penuh atas isinya. Pastikan kamu paham semua kode dan angka karena bisa diminta mendemonstrasikan.
A13: PROGRES
A14: Data (Selesai / total) | B14: =COUNTIF('Data Inventory'!S5:S26,"Selesai")&" / "&COUNTA('Data Inventory'!A5:A26) -> 22 / 22
A15: Bagian Master Plan (Selesai / total) | B15: =COUNTIF('Master Plan'!N5:N15,"Selesai")&" / "&COUNTA('Master Plan'!A5:A15) -> 0 / 11
A16: Checklist Dosen (Selesai / total) | B16: =COUNTIF('Checklist Dosen'!D5:D50,"Selesai")&" / "&COUNTA('Checklist Dosen'!B5:B50) -> 0 / 46
A17: Struktur Makalah (Selesai / total) | B17: =COUNTIF('Struktur Makalah'!F5:F18,"Selesai")&" / "&COUNTA('Struktur Makalah'!A5:A18) -> 0 / 14
A18: Timeline (Selesai / total) | B18: =COUNTIF(Timeline!F5:F19,"Selesai")&" / "&COUNTA(Timeline!A5:A19) -> 0 / 15
A19: Persen Checklist Dosen selesai | B19: =COUNTIF('Checklist Dosen'!D5:D50,"Selesai")/COUNTA('Checklist Dosen'!B5:B50) -> 0

Sheet Master Plan
A1: MASTER STORYTELLING & VISUALIZATION PLAN — Menelusuri Jejak Daya Beli & Pergeseran Ekonomi Jawa Timur 2005–2025
A2: Blueprint alur cerita dari opening → data → visualisasi → insight → closing. Kolom kuning = diisi kamu (link prototipe/section). Angka dalam [kurung siku] di Narasi adalah placeholder: isi dari data BPS yang sudah kamu unduh. ID data (D01, D02, ...) merujuk ke sheet 'Data Inventory'.
A4: No | B4: Section | C4: Judul Bagian | D4: Prioritas | E4: Tujuan | F4: Visual / Chart | G4: Topik Lampiran A | H4: Data (ID) | I4: Interaksi | J4: Penjelasan Desain (encoding + alasan) | K4: Narasi (Hook → Insight → Transisi) | L4: Syarat dosen yang dipenuhi | M4: Link / posisi di web | N4: Status
A5: 1 | B5: Opening | C5: Layar judul + 3 angka kunci | D5: Wajib | E5: Menarik perhatian dan memperkenalkan pertanyaan inti proyek. | F5: Judul besar, 3 KPI card (kemiskinan, pengeluaran per kapita, IPM Jatim: tahun awal vs terbaru). | G5: — (pengantar) | H5: D01, D02, D06 | I5: Scroll untuk masuk ke cerita; tooltip singkat di KPI. | J5: Satu warna aksen, banyak ruang kosong, angka dibuat besar. Selalu sertakan satuan dan tahun di KPI. Jangan pakai grafik rumit di sini. | K5: HOOK: "Pada 2005, [X]% warga Jawa Timur hidup di bawah garis kemiskinan. Kini angkanya [Y]%. Tapi rata-rata provinsi bisa menyembunyikan cerita 38 kabupaten/kota. Apakah semuanya pulih bersama? Mari telusuri." | L5: 4.a, 4.b (judul, satuan, sumber jelas); 'Sumber: BPS' tertulis. | N5: Belum
A6: 2 | B6: Konteks | C6: Tiga fase: sebelum pandemi, guncangan, pemulihan | D6: Wajib | E6: Memberi garis waktu tingkat provinsi sebagai latar sebelum masuk ke level kab/kota. | F6: Small multiples line chart (kemiskinan %, pengeluaran per kapita, IPM) dengan blok bayangan COVID 2020–2021. | G6: Pengantar (tidak dihitung dari 3 topik) | H6: D01, D02, D06 | I6: Tooltip nilai per tahun; hover sinkron antar panel. | J6: Posisi pada sumbu sejajar (paling akurat untuk dibandingkan). Small multiples dipilih alih-alih dual axis agar tidak menyesatkan. Bayangan abu-abu untuk periode COVID, satu warna garis per indikator. | K6: "Garis waktu memperlihatkan tiga babak: tren perbaikan hingga 2019, guncangan 2020–2021, dan pemulihan setelahnya. Namun pulih di level provinsi belum tentu pulih di level kabupaten/kota." → TRANSISI: "Mari kita lihat petanya." | L6: 4.a (tooltip), 4.b (encoding dapat dijelaskan). | N6: Belum
A7: 3 | B7: Geospasial 1 | C7: Peta daya beli: siapa yang tertinggal? | D7: Wajib | E7: Menunjukkan sebaran spasial kemiskinan/daya beli antar kab/kota Jatim. | F7: Choropleth 38 kab/kota: % penduduk miskin atau pengeluaran per kapita disesuaikan (RASIO, bukan angka absolut). | G7: Geospasial | H7: D03, D05, D20, D21 | I7: Slider tahun, toggle indikator, tooltip, legenda, zoom/pan, kontrol layer. | J7: Palet sekuensial ramah buta warna (viridis atau ColorBrewer Blues/YlGnBu), 5 kelas. Tentukan metode klasifikasi (quantile atau natural breaks) dan TULIS alasannya, misal quantile agar tiap kelas terisi seimbang untuk 38 unit. Batas kab/kota tipis supaya terlihat rapi. | K7: "Pada [tahun], kemiskinan tertinggi mengelompok di [Madura/Tapal Kuda/...], sedangkan [Surabaya/Sidoarjo/...] relatif rendah. Geser slider untuk melihat apakah kesenjangan menyempit." | L7: Lamp. A Geospasial: choropleth rasio, klasifikasi dan palet dijustifikasi, tooltip, legenda, zoom/pan, kontrol layer, kunci kode wilayah BPS. | N7: Belum
A8: 4 | B8: Geospasial 2 | C8: Persentase vs jumlah: di mana orang miskin paling banyak? | D8: Wajib | E8: Memperlihatkan bahwa angka absolut dan rasio bercerita berbeda; memenuhi syarat 2 jenis peta. | F8: Proportional symbol (lingkaran) jumlah penduduk miskin, bisa ditumpuk di atas choropleth. | G8: Geospasial | H8: D04, D13, D20 | I8: Toggle layer lingkaran; tooltip jumlah dan persentase. | J8: Ukuran lingkaran = angka absolut (luas, bukan jari-jari, sebanding nilai). Warna lingkaran netral supaya tidak bersaing dengan choropleth. Legenda ukuran wajib. | K8: "Persentase tertinggi belum tentu jumlah tertinggi. [Kab/kota X] persentasenya sedang, tetapi jumlah penduduk miskinnya terbesar karena penduduknya padat." | L8: Lamp. A Geospasial: minimal 2 jenis peta berbeda. | N8: Belum
A9: 5 | B9: Hierarki 1 | C9: Dari mana ekonomi Jatim bertumpu? | D9: Wajib | E9: Menunjukkan struktur PDRB berjenjang: Jatim → sektor → lapangan usaha → kab/kota. | F9: Treemap 4 level (ukuran = nilai PDRB ADHB; warna = laju pertumbuhan atau perubahan share dibanding 2019). | G9: Hierarki | H9: D16, D17, D22 | I9: Klik untuk drill-down, breadcrumb, filter tahun, tooltip. | J9: Ukuran dan warna mewakili DUA variabel berbeda (syarat dosen). Warna divergen ramah buta warna (misal PuOr/RdBu dengan titik tengah 0) untuk perubahan. Breadcrumb di atas grafik: Jawa Timur > Sekunder > Industri Pengolahan > ... | K9: "Industri pengolahan, perdagangan, dan pertanian masih menjadi tulang punggung. Klik sektor untuk melihat kab/kota mana yang menopangnya." | L9: Lamp. A Hierarki: ≥3 level, ukuran+warna dua variabel, drill-down + breadcrumb. | N9: Belum
A10: 6 | B10: Hierarki 2 | C10: Representasi kedua: sunburst dan pergeseran share | D10: Wajib | E10: Memenuhi syarat 2 representasi berbeda dan melihat pergeseran struktur 2010/2019 vs terbaru. | F10: Sunburst (struktur sama dengan treemap) + panel perbandingan share sektor tahun awal vs terbaru. | G10: Hierarki | H10: D16, D17, D22 | I10: Klik cincin untuk zoom, breadcrumb, pilih tahun. | J10: Pakai skema warna yang konsisten dengan treemap (sektor primer/sekunder/tersier = 3 warna kategorikal Okabe-Ito). Tampilkan alasan memilih sunburst: bagus untuk proporsi bagian-terhadap-keseluruhan, treemap bagus untuk membandingkan ukuran. | K10: "Dalam [N] tahun, porsi sektor [tersier] naik dari [a]% ke [b]%, sementara [primer] turun. Pergeseran ini tidak merata antar daerah." | L10: Lamp. A Hierarki: 2 representasi berbeda. | N10: Belum
A11: 7 | B11: Multivariat 1 | C11: Profil sosial-ekonomi 38 kab/kota dalam satu bidang | D11: Wajib | E11: Meringkas ≥8 variabel menjadi 2 dimensi dan menemukan kelompok serta pencilan. | F11: Scatter PCA (PC1 vs PC2), warna = klaster, tampilkan loading/biplot sederhana + scree plot kecil. | G11: Multivariat | H11: D03, D05, D07–D14 | I11: Hover tooltip, klik titik untuk highlight di peta, brushing area. | J11: Posisi = skor PC. Warna klaster pakai palet kategorikal Okabe-Ito (maks 4–5 klaster). Variabel distandardisasi (z-score) sebelum PCA. Jangan masukkan IPM bersama komponennya (RLS, HLS, UHH, pengeluaran) karena redundan; pakai IPM sebagai label/warna saja. | K11: "Dua komponen utama menjelaskan [xx]% variasi. PC1 membedakan daerah [maju/urban] dari [tertinggal], PC2 menangkap [struktur ekonomi/dll]." | L11: Lamp. A Multivariat: 1 teknik reduksi dimensi (PCA), ≥8 variabel numerik, ≥34 unit (38 kab/kota). | N11: Belum
A12: 8 | B12: Multivariat 2 | C12: Parallel coordinates dan heatmap terklaster | D12: Wajib | E12: Memenuhi syarat ≥2 teknik tambahan, brushing, dan linking antar tampilan. | F12: Parallel coordinates (semua variabel) + heatmap terklaster (kab/kota × variabel, urut hasil klaster hierarkis). | G12: Multivariat | H12: D03, D05, D07–D14 | I12: Brushing di parallel coordinates ⇄ highlight di PCA, heatmap, dan peta (linking). | J12: Heatmap: palet sekuensial/divergen tunggal, variabel distandardisasi. Parallel coordinates: garis tipis semi-transparan, warna sama dengan klaster di PCA agar konsisten. | K12: "Pilih rentang pada sumbu kemiskinan untuk melihat profil daerah terpilih di semua tampilan sekaligus." | L12: Lamp. A Multivariat: ≥2 teknik tambahan, brushing dan linking. | N12: Belum
A13: 9 | B13: Insight | C13: Kelompok kab/kota dan pencilan | D13: Wajib | E13: Menerjemahkan hasil klaster menjadi cerita yang bisa dipahami awam. | F13: Kartu klaster (nama klaster, ciri khas, contoh daerah) + penanda pencilan di PCA. | G13: Multivariat + Geospasial | H13: Turunan dari D03–D14 | I13: Klik kartu untuk highlight anggota klaster di peta. | J13: Beri nama klaster yang bermakna (misal 'Pusat urban-industri', 'Agraris rentan'). Peta mini berwarna klaster menghubungkan hasil multivariat dengan lokasi. | K13: "Kab/kota terbagi menjadi [k] kelompok. Pencilan: [Kota Surabaya/...] karena [alasan]. Daerah di klaster [X] paling rentan karena [kombinasi kemiskinan tinggi + pengeluaran rendah]." | L13: Lamp. A Multivariat: interpretasi kelompok dan pencilan. | N13: Belum
A14: 10 | B14: Insight | C14: Sebelum vs sesudah COVID: siapa yang pulih? | D14: Opsional (kerjakan jika waktu ada) | E14: Memperkuat narasi 'pulih tapi tidak merata' dengan membandingkan 2019 vs 2021 vs tahun terbaru. | F14: Dumbbell/slope chart perubahan indikator per kab/kota. | G14: Geospasial / Multivariat (pendukung) | H14: D03, D05 | I14: Filter indikator, sort, highlight daerah. | J14: Titik 2019 (abu-abu) dan titik terbaru (warna aksen), garis penghubung. Urut berdasarkan besar perubahan. | K14: "Dari 38 kab/kota, [n] daerah sudah melampaui kondisi 2019, sementara [m] daerah masih tertinggal." | L14: Nilai tambah storytelling (rubrik Insight dan Kreativitas). | N14: Belum
A15: 11 | B15: Closing | C15: Kesimpulan, keterbatasan, dan sumber | D15: Wajib | E15: Merangkum 3 temuan utama, mengakui keterbatasan, dan memberi transparansi data. | F15: Teks ringkas + 3 poin temuan, tabel sumber data, tautan repositori. | G15: — | H15: Seluruh D-ID | I15: Tautan ke repo, tombol kembali ke atas. | J15: Gaya tenang dan jelas. Cantumkan: judul tabel BPS, tahun data, URL, tanggal akses, 'Sumber: BPS', deklarasi alat bantu AI, dan keterbatasan (misal proxy kerentanan, data kab/kota tahunan, 38 unit). | K15: "Pulih tidak berarti merata. [Temuan 1], [temuan 2], [temuan 3]. Keterbatasan: [..]. Data: BPS (lihat tabel sumber)." | L15: Soal 2.b (sumber), Soal 3 (repo+README), Soal 7 (deklarasi AI). | N15: Belum

Sheet Data Inventory
A1: DATA INVENTORY / DATA REQUIREMENT MATRIX
A2: Setiap data yang harus dicari. Kolom kuning diisi saat kamu mengunduh: salin JUDUL TABEL PERSIS dari BPS, URL halaman tabel, tahun data, tanggal dan JAM akses. Kolom 'Sitasi IEEE' terisi otomatis setelah judul, URL, tahun, dan tanggal akses diisi. Baris abu-abu 'CONTOH' hanya ilustrasi format, jangan dihitung.
A3: ID | B3: Kelompok | C3: Data / Variabel | D3: Dipakai di (No. Plan) | E3: Tingkat / Unit | F3: Periode target | G3: Satuan | H3: Kata kunci pencarian di bps.go.id / jatim.bps.go.id | I3: Judul tabel/publikasi PERSIS (salin dari BPS) | J3: Sumber | K3: URL halaman tabel | L3: Tahun data | M3: Tanggal akses | N3: Jam akses (WIB) | O3: Format unduhan | P3: Nama file mentah (data/raw/) | Q3: Pra-pemrosesan yang diperlukan | R3: Kunci join | S3: Status | T3: Sitasi IEEE (otomatis) | U3: Catatan / risiko
A4: CONTOH | B4: Multivariat | C4: Persentase Penduduk Miskin menurut Kab/Kota | D4: 3 | E4: Kab/Kota Jatim (38) | F4: 2010–2025 | G4: % | H4: persentase penduduk miskin kabupaten/kota jawa timur | I4: [Judul persis dari halaman tabel BPS] | J4: BPS Jatim | K4: https://jatim.bps.go.id/... | L4: 2024 | M4: 3 Okt 2026 | N4: 20:15 | O4: xlsx | P4: d03_kemiskinan_kabkota.xlsx | Q4: (lihat baris data) | R4: kode_wilayah | S4: — | T4: (contoh: otomatis) | U4: Baris contoh, abaikan.
A5: D01 | B5: Konteks provinsi | C5: Persentase penduduk miskin Jawa Timur (seri panjang) | D5: 1, 2 | E5: Provinsi Jatim | F5: 2010–2025 | G5: % | H5: persentase penduduk miskin provinsi jawa timur menurut tahun | I5: Persentase Penduduk Miskin (P0) Menurut Kabupaten/Kota Jawa Timur (Persen) | J5: BPS Jatim / BPS pusat | K5: https://www.bps.go.id/id/statistics-table/2/NjIxIzI=/persentase-penduduk-miskin-menurut-kabupaten-kota.html | L5: 2010-2025 | M5: 2 okt 2026 | N5: 0.71527778 | O5: xlsx/csv | P5: d01_miskin_jatim_seri.xlsx | Q5: Pilih satu periode survei konsisten (mis. Maret) untuk semua tahun. | R5: tahun | S5: Selesai | T5: =IF(OR(I5="",K5="",L5="",M5=""),"","Badan Pusat Statistik, """&I5&","" BPS, "&L5&". [Online]. Available: "&K5&". Accessed: "&TEXT(M5,"mmm. d, yyyy")&".") -> Badan Pusat Statistik, "Persentase Penduduk Miskin (P0) Menurut Kabupaten/Kota Jawa Timur (Persen) ," BPS, 2010-2025. [Online]. Available: https://www.bps.go.id/id/statistics-table/2/NjIxIzI=/persentase-penduduk-miskin-menurut-kabupaten-kota.html. Accessed: 2 okt 2026. | U5: SATU-SATUNYA data yang mungkin menjangkau 2005. Jika seri 2005–2009 tidak ditemukan, ubah judul menjadi 2010–2025. | [Audit 3 Okt] Sumber 2005–2009 belum terdokumentasi: URL hanya mencakup 2010+. Di data processed diberi flag perlu_verifikasi.
A6: D02 | B6: Konteks provinsi | C6: Pengeluaran per kapita disesuaikan Jatim (seri) | D6: 1, 2 | E6: Provinsi Jatim (baris JAWA TIMUR pada tabel D05) | F6: 2010–2025 | G6: ribu Rp/tahun | H6: pengeluaran per kapita disesuaikan jawa timur | I6: [Metode Baru] Pengeluaran per Kapita Disesuaikan (Ribu Rupiah/Orang/Tahun) | J6: BPS Jatim / BPS pusat | K6: https://www.bps.go.id/id/statistics-table/2/NDE2IzI=/-metode-baru--pengeluaran-per-kapita-disesuaikan.html | L6: 2010-2025 | M6: 2 okt 2026 | N6: 0.72916667 | O6: xlsx/csv | P6: d02_ppk_jatim_seri.xlsx | Q6: Pastikan harga konstan (tahun dasar sama). | R6: tahun | S6: Selesai | T6: =IF(OR(I6="",K6="",L6="",M6=""),"","Badan Pusat Statistik, """&I6&","" BPS, "&L6&". [Online]. Available: "&K6&". Accessed: "&TEXT(M6,"mmm. d, yyyy")&".") -> Badan Pusat Statistik, "[Metode Baru] Pengeluaran per Kapita Disesuaikan (Ribu Rupiah/Orang/Tahun)," BPS, 2010-2025. [Online]. Available: https://www.bps.go.id/id/statistics-table/2/NDE2IzI=/-metode-baru--pengeluaran-per-kapita-disesuaikan.html. Accessed: 2 okt 2026. | U6: Komponen IPM; metode baru sejak 2010. | [Audit 3 Okt] Sheet D02 di UAS_VISDAT.xlsx ternyata tabel kab/kota (duplikat D05, beda 1 sel: Kota Batu 2021). Pipeline memakai D05.
A7: D03 | B7: Multivariat + Geospasial | C7: Persentase penduduk miskin kab/kota | D7: 3, 7, 8, 10 | E7: Kab/Kota Jatim (38) | F7: 2010–2025 | G7: % | H7: persentase penduduk miskin menurut kabupaten/kota jawa timur | I7: Persentase Penduduk Miskin (P0) Menurut Kabupaten/Kota (Persen) | J7: BPS Jatim | K7: https://www.bps.go.id/id/statistics-table/2/NjIxIzI=/persentase-penduduk-miskin-menurut-kabupaten-kota.html | L7: 2010-2025 | M7: 2 okt 2026 | N7: 0.74305556 | O7: xlsx | P7: d03_miskin_kabkota.xlsx | Q7: Format long: kode_wilayah, nama, tahun, nilai. Ubah koma→titik, buang catatan kaki, cek tipe numerik, standarisasi nama 'Kab.'/'Kota'. | R7: kode_wilayah | S7: Selesai | T7: =IF(OR(I7="",K7="",L7="",M7=""),"","Badan Pusat Statistik, """&I7&","" BPS, "&L7&". [Online]. Available: "&K7&". Accessed: "&TEXT(M7,"mmm. d, yyyy")&".") -> Badan Pusat Statistik, "Persentase Penduduk Miskin (P0) Menurut Kabupaten/Kota (Persen)," BPS, 2010-2025. [Online]. Available: https://www.bps.go.id/id/statistics-table/2/NjIxIzI=/persentase-penduduk-miskin-menurut-kabupaten-kota.html. Accessed: 2 okt 2026. | U7: Tahun terbaru harus SAMA untuk semua variabel PCA. Cek ketersediaan 2025.
A8: D04 | B8: Geospasial | C8: Jumlah penduduk miskin kab/kota | D8: 4 | E8: Kab/Kota Jatim (38) | F8: 2010–2025 | G8: ribu jiwa | H8: jumlah penduduk miskin kabupaten/kota jawa timur | I8: Jumlah Penduduk Miskin menurut Kabupaten/Kota di Jawa Timur (Ribu Jiwa) | J8: BPS Jatim | K8: https://jatim.bps.go.id/id/statistics-table/2/NDIxIzI=/jumlah-penduduk-miskin-menurut-kabupaten-kota-di-jawa-timur.html | L8: 2010-2025 | M8: 2 okt 2026 | N8: 0.75694444 | O8: xlsx | P8: d04_jml_miskin_kabkota.xlsx | Q8: Format long: kode_wilayah, nama, tahun, nilai. Ubah koma→titik, buang catatan kaki, cek tipe numerik, standarisasi nama 'Kab.'/'Kota'. | R8: kode_wilayah | S8: Selesai | T8: =IF(OR(I8="",K8="",L8="",M8=""),"","Badan Pusat Statistik, """&I8&","" BPS, "&L8&". [Online]. Available: "&K8&". Accessed: "&TEXT(M8,"mmm. d, yyyy")&".") -> Badan Pusat Statistik, "Jumlah Penduduk Miskin menurut Kabupaten/Kota di Jawa Timur (Ribu Jiwa)," BPS, 2010-2025. [Online]. Available: https://jatim.bps.go.id/id/statistics-table/2/NDIxIzI=/jumlah-penduduk-miskin-menurut-kabupaten-kota-di-jawa-timur.html. Accessed: 2 okt 2026. | U8: Untuk proportional symbol (angka absolut).
A9: D05 | B9: Multivariat + Geospasial | C9: Pengeluaran per kapita disesuaikan kab/kota | D9: 3, 7, 8 | E9: Kab/Kota Jatim (38) | F9: 2010–2025 | G9: ribu Rp/tahun | H9: pengeluaran per kapita disesuaikan kabupaten/kota jawa timur | I9: [Metode Baru] Pengeluaran per Kapita Disesuaikan (Ribu Rupiah/Orang/Tahun) | J9: BPS Jatim | K9: https://www.bps.go.id/id/statistics-table/2/NDE2IzI=/-metode-baru--pengeluaran-per-kapita-disesuaikan.html | L9: 2010-2025 | M9: 2 okt 2026 | N9: 0.77430556 | O9: xlsx | P9: d05_ppk_kabkota.xlsx | Q9: Format long: kode_wilayah, nama, tahun, nilai. Ubah koma→titik, buang catatan kaki, cek tipe numerik, standarisasi nama 'Kab.'/'Kota'. | R9: kode_wilayah | S9: Selesai | T9: =IF(OR(I9="",K9="",L9="",M9=""),"","Badan Pusat Statistik, """&I9&","" BPS, "&L9&". [Online]. Available: "&K9&". Accessed: "&TEXT(M9,"mmm. d, yyyy")&".") -> Badan Pusat Statistik, "[Metode Baru] Pengeluaran per Kapita Disesuaikan (Ribu Rupiah/Orang/Tahun)," BPS, 2010-2025. [Online]. Available: https://www.bps.go.id/id/statistics-table/2/NDE2IzI=/-metode-baru--pengeluaran-per-kapita-disesuaikan.html. Accessed: 2 okt 2026. | U9: Proxy 'daya beli' di level kab/kota. Jangan klaim 'kelas menengah' secara literal. | [Audit 3 Okt] Di Excel pemisah ribuan hilang (6.775 = 6.775 ribu); dikonversi x1000 di pipeline. Kota Batu 2021 = 12.887 (perlu cek).
A10: D06 | B10: Multivariat | C10: Indeks Pembangunan Manusia (IPM) kab/kota | D10: 1, 2, 7 | E10: Kab/Kota Jatim (38) | F10: 2010–2025 | G10: indeks | H10: IPM kabupaten/kota jawa timur | I10: Indeks Pembangunan Manusia Menurut Kabupaten/Kota di Provinsi Jawa Timur | J10: BPS Jatim | K10: https://probolinggokab.bps.go.id/id/statistics-table/2/MjczIzI=/indeks-pembangunan-manusia-menurut-kabupaten-kota-di-provinsi-jawa-timur.html | L10: 2010-2025 | M10: 2 okt 2026 | N10: 0.78958333 | O10: xlsx | P10: d06_ipm_kabkota.xlsx | Q10: Format long: kode_wilayah, nama, tahun, nilai. Ubah koma→titik, buang catatan kaki, cek tipe numerik, standarisasi nama 'Kab.'/'Kota'. | R10: kode_wilayah | S10: Selesai | T10: =IF(OR(I10="",K10="",L10="",M10=""),"","Badan Pusat Statistik, """&I10&","" BPS, "&L10&". [Online]. Available: "&K10&". Accessed: "&TEXT(M10,"mmm. d, yyyy")&".") -> Badan Pusat Statistik, "Indeks Pembangunan Manusia Menurut Kabupaten/Kota di Provinsi Jawa Timur," BPS, 2010-2025. [Online]. Available: https://probolinggokab.bps.go.id/id/statistics-table/2/MjczIzI=/indeks-pembangunan-manusia-menurut-kabupaten-kota-di-provinsi-jawa-timur.html. Accessed: 2 okt 2026. | U10: Pakai sebagai label/warna, jangan bersama komponennya dalam PCA. | [Audit 3 Okt] Patahan metodologis 2019→2020 (UHH LF SP2020 diterapkan mundur ke 2020). Beri anotasi pada grafik tren.
A11: D07 | B11: Multivariat | C11: Rata-rata lama sekolah kab/kota | D11: 7, 8 | E11: Kab/Kota Jatim (38) | F11: 2010–2025 | G11: tahun | H11: rata-rata lama sekolah kabupaten/kota jawa timur | I11: Rata-Rata Lama Sekolah Penduduk Menurut Kabupaten/Kota (Tahun) | J11: BPS Jatim | K11: https://jatim.bps.go.id/id/statistics-table/2/MzIjMg==/rata-rata-lama-sekolah-penduduk-usia-25-tahun-ke-atas-menurut-kabupaten-kota.html | L11: 2010-2025 | M11: 2 okt 2026 | N11: 0.79930556 | O11: xlsx | P11: d07_rls_kabkota.xlsx | Q11: Format long: kode_wilayah, nama, tahun, nilai. Ubah koma→titik, buang catatan kaki, cek tipe numerik, standarisasi nama 'Kab.'/'Kota'. | R11: kode_wilayah | S11: Selesai | T11: =IF(OR(I11="",K11="",L11="",M11=""),"","Badan Pusat Statistik, """&I11&","" BPS, "&L11&". [Online]. Available: "&K11&". Accessed: "&TEXT(M11,"mmm. d, yyyy")&".") -> Badan Pusat Statistik, "Rata-Rata Lama Sekolah Penduduk Menurut Kabupaten/Kota (Tahun)," BPS, 2010-2025. [Online]. Available: https://jatim.bps.go.id/id/statistics-table/2/MzIjMg==/rata-rata-lama-sekolah-penduduk-usia-25-tahun-ke-atas-menurut-kabupaten-kota.html. Accessed: 2 okt 2026.
A12: D08 | B12: Multivariat | C12: Harapan lama sekolah kab/kota | D12: 7, 8 | E12: Kab/Kota Jatim (38) | F12: 2010–2025 | G12: tahun | H12: harapan lama sekolah kabupaten/kota jawa timur | I12: Harapan Lama Sekolah (Tahun) | J12: BPS Jatim | K12: https://jatim.bps.go.id/id/statistics-table/2/NDY4IzI=/harapan-lama-sekolah.html | L12: 2010-2025 | M12: 2 okt 2026 | N12: 0.80625 | O12: xlsx | P12: d08_hls_kabkota.xlsx | Q12: Format long: kode_wilayah, nama, tahun, nilai. Ubah koma→titik, buang catatan kaki, cek tipe numerik, standarisasi nama 'Kab.'/'Kota'. | R12: kode_wilayah | S12: Selesai | T12: =IF(OR(I12="",K12="",L12="",M12=""),"","Badan Pusat Statistik, """&I12&","" BPS, "&L12&". [Online]. Available: "&K12&". Accessed: "&TEXT(M12,"mmm. d, yyyy")&".") -> Badan Pusat Statistik, "Harapan Lama Sekolah (Tahun)," BPS, 2010-2025. [Online]. Available: https://jatim.bps.go.id/id/statistics-table/2/NDY4IzI=/harapan-lama-sekolah.html. Accessed: 2 okt 2026.
A13: D09 | B13: Multivariat | C13: Umur harapan hidup kab/kota | D13: 7, 8 | E13: Kab/Kota Jatim (38) | F13: 2010–2025 | G13: tahun | H13: umur harapan hidup kabupaten/kota jawa timur | I13: Angka Harapan Hidup Menurut Kabupaten/Kota di Provinsi Jawa Timur (Tahun) | J13: BPS Jatim | K13: https://ngawikab.bps.go.id/id/statistics-table/2/NDcxIzI=/life-expectancy-by-regencies-municipalities-in-jawa-timur-province.html | L13: 2010-2025 | M13: 2 okt 2026 | N13: 0.81319444 | O13: xlsx | P13: d09_uhh_kabkota.xlsx | Q13: Format long: kode_wilayah, nama, tahun, nilai. Ubah koma→titik, buang catatan kaki, cek tipe numerik, standarisasi nama 'Kab.'/'Kota'. | R13: kode_wilayah | S13: Selesai | T13: =IF(OR(I13="",K13="",L13="",M13=""),"","Badan Pusat Statistik, """&I13&","" BPS, "&L13&". [Online]. Available: "&K13&". Accessed: "&TEXT(M13,"mmm. d, yyyy")&".") -> Badan Pusat Statistik, "Angka Harapan Hidup Menurut Kabupaten/Kota di Provinsi Jawa Timur (Tahun)," BPS, 2010-2025. [Online]. Available: https://ngawikab.bps.go.id/id/statistics-table/2/NDcxIzI=/life-expectancy-by-regencies-municipalities-in-jawa-timur-province.html. Accessed: 2 okt 2026. | U13: [Audit 3 Okt] 2010–2019 dari tabel ini; 2020–2025 dari tabel 'Umur Harapan Hidup Hasil Long Form SP2020 Menurut Kabupaten/Kota' (data/raw/uhh_lf_sp2020_2020_2025.csv). URL & tanggal akses tabel LF SP2020 BELUM DIISI.
A14: D10 | B14: Multivariat | C14: Tingkat pengangguran terbuka (TPT) kab/kota | D14: 7, 8 | E14: Kab/Kota Jatim (38) | F14: 2010–2025 | G14: % | H14: tingkat pengangguran terbuka kabupaten/kota jawa timur | I14: Tingkat Pengangguran Terbuka (TPT) Menurut Kabupaten/Kota (Persen) | J14: BPS Jatim | K14: https://jatim.bps.go.id/id/statistics-table/2/NTQjMg==/tingkat-pengangguran-terbuka-tpt-provinsi-jawa-timur.html | L14: 2010-2025 | M14: 2 okt 2026 | N14: 0.82152778 | O14: xlsx | P14: d10_tpt_kabkota.xlsx | Q14: Format long: kode_wilayah, nama, tahun, nilai. Ubah koma→titik, buang catatan kaki, cek tipe numerik, standarisasi nama 'Kab.'/'Kota'. | R14: kode_wilayah | S14: Selesai | T14: =IF(OR(I14="",K14="",L14="",M14=""),"","Badan Pusat Statistik, """&I14&","" BPS, "&L14&". [Online]. Available: "&K14&". Accessed: "&TEXT(M14,"mmm. d, yyyy")&".") -> Badan Pusat Statistik, "Tingkat Pengangguran Terbuka (TPT) Menurut Kabupaten/Kota (Persen)," BPS, 2010-2025. [Online]. Available: https://jatim.bps.go.id/id/statistics-table/2/NTQjMg==/tingkat-pengangguran-terbuka-tpt-provinsi-jawa-timur.html. Accessed: 2 okt 2026. | U14: Cek: sumber Sakernas, kadang tahun awal tidak lengkap per kab/kota.
A15: D11 | B15: Multivariat + Geospasial | C15: PDRB per kapita ADHB kab/kota | D15: 3, 7, 8 | E15: Kab/Kota Jatim (38) | F15: 2010–2025 | G15: ribu Rp | H15: PDRB per kapita atas dasar harga berlaku kabupaten/kota jawa timur | I15: [Seri 2010] PDRB Perkapita Atas Dasar Harga Berlaku Menurut Kabupaten/Kota (Ribu Rupiah) | J15: BPS Jatim | K15: https://jatim.bps.go.id/id/statistics-table/2/MzI3IzI=/pdrb-perkapita-adhb.html | L15: 2010-2025 | M15: 2 okt 2026 | N15: 0.97291667 | O15: xlsx | P15: d11_pdrb_kapita_kabkota.xlsx | Q15: Format long: kode_wilayah, nama, tahun, nilai. Ubah koma→titik, buang catatan kaki, cek tipe numerik, standarisasi nama 'Kab.'/'Kota'. | R15: kode_wilayah | S15: Selesai | T15: =IF(OR(I15="",K15="",L15="",M15=""),"","Badan Pusat Statistik, """&I15&","" BPS, "&L15&". [Online]. Available: "&K15&". Accessed: "&TEXT(M15,"mmm. d, yyyy")&".") -> Badan Pusat Statistik, "[Seri 2010] PDRB Perkapita Atas Dasar Harga Berlaku Menurut Kabupaten/Kota (Ribu Rupiah)," BPS, 2010-2025. [Online]. Available: https://jatim.bps.go.id/id/statistics-table/2/MzI3IzI=/pdrb-perkapita-adhb.html. Accessed: 2 okt 2026. | U15: Variabel urban/industri: nilai Surabaya, Gresik, Kediri (rokok) bisa jadi pencilan.
A16: D12 | B16: Multivariat | C16: Laju pertumbuhan PDRB ADHK kab/kota | D16: 5, 7, 8 | E16: Kab/Kota Jatim (38) | F16: 2011–2025 | G16: % | H16: laju pertumbuhan PDRB atas dasar harga konstan 2010 kabupaten/kota jawa timur | I16: Laju Pertumbuhan Produk Domestik Regional Bruto Atas Dasar Harga Konstan 2010 Menurut Kabupaten/Kota di Provinsi Jawa Timur (persen) | J16: BPS Jatim | K16: https://jatim.bps.go.id/id/statistics-table/3/WnpCcmNtcE1ibkF5VjFSelJHMUVhRE52WjNWSVp6MDkjMw==/laju-pertumbuhan-produk-domestik-regional-bruto-atas-dasar-harga-konstan-2010-menurut-kabupaten-kota-di-provinsi-jawa-timur--persen---2023.html | L16: 2011-2025 | M16: 2 okt 2026 | N16: 0.98263889 | O16: xlsx | P16: d12_growth_kabkota.xlsx | Q16: Format long: kode_wilayah, nama, tahun, nilai. Ubah koma→titik, buang catatan kaki, cek tipe numerik, standarisasi nama 'Kab.'/'Kota'. | R16: kode_wilayah | S16: Selesai | T16: =IF(OR(I16="",K16="",L16="",M16=""),"","Badan Pusat Statistik, """&I16&","" BPS, "&L16&". [Online]. Available: "&K16&". Accessed: "&TEXT(M16,"mmm. d, yyyy")&".") -> Badan Pusat Statistik, "Laju Pertumbuhan Produk Domestik Regional Bruto Atas Dasar Harga Konstan 2010 Menurut Kabupaten/Kota di Provinsi Jawa Timur (persen)," BPS, 2011-2025. [Online]. Available: https://jatim.bps.go.id/id/statistics-table/3/WnpCcmNtcE1ibkF5VjFSelJHMUVhRE52WjNWSVp6MDkjMw==/laju-pertumbuhan-produk-domestik-regional-bruto-atas-dasar-harga-konstan-2010-menurut-kabupaten-kota-di-provinsi-jawa-timur--persen---2023.html. Accessed: 2 okt 2026. | U16: Tahun 2020 umumnya negatif (efek COVID), pastikan jangan dibuang sebagai 'error'.
A17: D13 | B17: Multivariat + Geospasial | C17: Jumlah penduduk kab/kota | D17: 4, 7 | E17: Kab/Kota Jatim (38) | F17: 2010–2025 | G17: jiwa | H17: jumlah penduduk menurut kabupaten/kota jawa timur proyeksi | I17: Jumlah Penduduk Menurut Jenis Kelamin dan Kabupaten/Kota Provinsi Jawa Timur (Jiwa) | J17: BPS Jatim | K17: https://mojokertokota.bps.go.id/id/statistics-table/2/MTQ0IzI=/jumlah-penduduk-menurut-jenis-kelamin-dan-kabupaten-kota-provinsi-jawa-timur.html | L17: 2010-2025 | M17: 3 okt 2026 | N17: 0.0034722222 | O17: xlsx | P17: d13_penduduk_kabkota.xlsx | Q17: Format long: kode_wilayah, nama, tahun, nilai. Ubah koma→titik, buang catatan kaki, cek tipe numerik, standarisasi nama 'Kab.'/'Kota'. | R17: kode_wilayah | S17: Selesai | T17: =IF(OR(I17="",K17="",L17="",M17=""),"","Badan Pusat Statistik, """&I17&","" BPS, "&L17&". [Online]. Available: "&K17&". Accessed: "&TEXT(M17,"mmm. d, yyyy")&".") -> Badan Pusat Statistik, "Jumlah Penduduk Menurut Jenis Kelamin dan Kabupaten/Kota Provinsi Jawa Timur (Jiwa)," BPS, 2010-2025. [Online]. Available: https://mojokertokota.bps.go.id/id/statistics-table/2/MTQ0IzI=/jumlah-penduduk-menurut-jenis-kelamin-dan-kabupaten-kota-provinsi-jawa-timur.html. Accessed: 3 okt 2026. | U17: Beda sumber (Sensus vs proyeksi): catat, jangan campur. | [Audit 3 Okt] Patahan seri 2020 dan 2024. Gresik 2015 dikoreksi 1.167.313 → 1.256.313 (config/corrections.csv C01).
A18: D14 | B18: Multivariat | C18: Kepadatan penduduk kab/kota (atau luas wilayah) | D18: 7, 8 | E18: Kab/Kota Jatim (38) | F18: 2010–2025 | G18: jiwa/km² | H18: kepadatan penduduk kabupaten/kota jawa timur | I18: Penduduk, Laju Pertumbuhan Penduduk, Distribusi Persentase Penduduk, Kepadatan Penduduk, Rasio Jenis Kelamin Penduduk Menurut Kabupaten/Kota di Provinsi Jawa Timur | J18: BPS Jatim | K18: https://jatim.bps.go.id/id/publication/2025/02/28/5ae8b994b1bebd8cbc2e0781/provinsi-jawa-timur-dalam-angka-2025.html | L18: 2010-2025 | M18: 3 okt 2026 | N18: 0.024305556 | O18: xlsx | P18: d14_kepadatan_kabkota.xlsx | Q18: Jika hanya luas wilayah ada: kepadatan = penduduk ÷ luas. | R18: kode_wilayah | S18: Selesai | T18: =IF(OR(I18="",K18="",L18="",M18=""),"","Badan Pusat Statistik, """&I18&","" BPS, "&L18&". [Online]. Available: "&K18&". Accessed: "&TEXT(M18,"mmm. d, yyyy")&".") -> Badan Pusat Statistik, "Penduduk, Laju Pertumbuhan Penduduk, Distribusi Persentase Penduduk, Kepadatan Penduduk, Rasio Jenis Kelamin Penduduk Menurut Kabupaten/Kota di Provinsi Jawa Timur," BPS, 2010-2025. [Online]. Available: https://jatim.bps.go.id/id/publication/2025/02/28/5ae8b994b1bebd8cbc2e0781/provinsi-jawa-timur-dalam-angka-2025.html. Accessed: 3 okt 2026. | U18: [Audit 3 Okt] Luas acuan berganti antar tahun; hanya 2022–2025 konsisten. 2010–2021 diberi flag luas_acuan_berbeda. Publikasi JDA 2025 tidak mungkin memuat data 2025: cek sumber.
A19: D15 | B19: Multivariat (opsional) | C19: Gini Rasio Menurut Kabupaten/Kota di Jawa Timur | D19: 7, 8 | E19: Kab/Kota Jatim (38) | F19: 2010–2025 | G19: indeks | H19: gini ratio / indeks kedalaman kemiskinan kabupaten/kota jawa timur | I19: Gini Rasio Menurut Kabupaten/Kota di Jawa Timur | J19: BPS Jatim | K19: https://malangkota.bps.go.id/id/statistics-table/2/NjUjMg==/gini-rasio-menurut-kabupaten-kota-di-jawa-timur.html | L19: 2010-2025 | M19: 3 okt 2026 | N19: 0.049305556 | O19: xlsx | P19: d15_gini_p1_kabkota.xlsx | Q19: Format long: kode_wilayah, nama, tahun, nilai. Ubah koma→titik, buang catatan kaki, cek tipe numerik, standarisasi nama 'Kab.'/'Kota'. | R19: kode_wilayah | S19: Selesai | T19: =IF(OR(I19="",K19="",L19="",M19=""),"","Badan Pusat Statistik, """&I19&","" BPS, "&L19&". [Online]. Available: "&K19&". Accessed: "&TEXT(M19,"mmm. d, yyyy")&".") -> Badan Pusat Statistik, "Gini Rasio Menurut Kabupaten/Kota di Jawa Timur," BPS, 2010-2025. [Online]. Available: https://malangkota.bps.go.id/id/statistics-table/2/NjUjMg==/gini-rasio-menurut-kabupaten-kota-di-jawa-timur.html. Accessed: 3 okt 2026. | U19: Gini kab/kota belum tentu tersedia; ganti P1/P2 jika tidak ada.
A20: D16 | B20: Hierarki | C20: PDRB ADHB lapangan usaha (17 kategori) per kab/kota | D20: 5, 6 | E20: Kab/Kota × 17 LU | F20: 2020–2024 | G20: miliar/juta Rp | H20: PDRB kabupaten/kota jawa timur menurut lapangan usaha ADHB | I20: Produk Domestik Regional Bruto Kabupaten/Kota di Provinsi Jawa Timur Menurut Lapangan Usaha 2020–2024 | J20: BPS Jatim (publikasi 'PDRB Kabupaten/Kota di Jawa Timur') | K20: https://jatim.bps.go.id/id/publication/2025/04/11/59f89f59ea26afed7ff1c599/produk-domestik-regional-bruto-kabupaten-kota-di-provinsi-jawa-timur-menurut-lapangan-usaha-2020-2024.html | L20: 2020-2024 | M20: 3 okt 2026 | N20: 0.090972222 | O20: pdf | P20: pdrb_kabkota_jatim_lu_2020_2024.pdf | Q20: Diekstrak dari PDF (src/00_extract_pdrb_pdf.py, src/03_pdrb.py) → data/processed/pdrb_lu_long.csv | R20: kode_wilayah, kode_LU | S20: Selesai | T20: =IF(OR(I20="",K20="",L20="",M20=""),"","Badan Pusat Statistik, """&I20&","" BPS, "&L20&". [Online]. Available: "&K20&". Accessed: "&TEXT(M20,"mmm. d, yyyy")&".") -> Badan Pusat Statistik, "Produk Domestik Regional Bruto Kabupaten/Kota di Provinsi Jawa Timur Menurut Lapangan Usaha 2020–2024," BPS, 2020-2024. [Online]. Available: https://jatim.bps.go.id/id/publication/2025/04/11/59f89f59ea26afed7ff1c599/produk-domestik-regional-bruto-kabupaten-kota-di-provinsi-jawa-timur-menurut-lapangan-usaha-2020-2024.html. Accessed: 3 okt 2026. | U20: KRITIS: data hierarki utama. Jika tidak tersedia, fallback ke hierarki wilayah (Provinsi→Karesidenan→Kab/Kota→Kecamatan). | [Audit 3 Okt] Data diambil dari PDF publikasi, bukan xlsx. ADHB Kota Batu di publikasi bergeser 1 kolom → direkonstruksi ADHK×indeks implisit/100. Total Kab. Kediri di lampiran salah cetak. 2023 sementara, 2024 sangat sementara. Baseline 2019 tidak tersedia → pembanding 2020 vs 2024.
A21: D17 | B21: Hierarki | C21: PDRB ADHK 2010 lapangan usaha per kab/kota | D21: 5, 6 | E21: Kab/Kota × 17 LU | F21: 2020–2024 | G21: miliar/juta Rp | H21: PDRB kabupaten/kota jawa timur menurut lapangan usaha ADHK 2010 | I21: Produk Domestik Regional Bruto Kabupaten/Kota di Provinsi Jawa Timur Menurut Lapangan Usaha 2020–2024 | J21: BPS Jatim | K21: https://jatim.bps.go.id/id/publication/2025/04/11/59f89f59ea26afed7ff1c599/produk-domestik-regional-bruto-kabupaten-kota-di-provinsi-jawa-timur-menurut-lapangan-usaha-2020-2024.html | L21: 2020-2024 | M21: 3 okt 2026 | N21: 0.10486111 | O21: pdf | P21: pdrb_kabkota_jatim_lu_2020_2024.pdf | Q21: Diekstrak dari PDF (src/00_extract_pdrb_pdf.py, src/03_pdrb.py) → data/processed/pdrb_lu_long.csv | R21: kode_wilayah, kode_LU | S21: Selesai | T21: =IF(OR(I21="",K21="",L21="",M21=""),"","Badan Pusat Statistik, """&I21&","" BPS, "&L21&". [Online]. Available: "&K21&". Accessed: "&TEXT(M21,"mmm. d, yyyy")&".") -> Badan Pusat Statistik, "Produk Domestik Regional Bruto Kabupaten/Kota di Provinsi Jawa Timur Menurut Lapangan Usaha 2020–2024," BPS, 2020-2024. [Online]. Available: https://jatim.bps.go.id/id/publication/2025/04/11/59f89f59ea26afed7ff1c599/produk-domestik-regional-bruto-kabupaten-kota-di-provinsi-jawa-timur-menurut-lapangan-usaha-2020-2024.html. Accessed: 3 okt 2026. | U21: Cek apakah BPS sudah ganti tahun dasar; jangan campur dua tahun dasar. | [Audit 3 Okt] Di xlsx: 6 blok salah label (Bojonegoro, Magetan, Ngawi, Pamekasan, Bangkalan, Sampang) dan Kota Malang salinan ADHB; kini diganti nilai PDF.
A22: D18 | B22: Konteks (opsional) | C22: Pengeluaran rumah tangga: makanan vs non-makanan Jatim | D22: 2 | E22: Kab/Kota Jatim (38) + provinsi | F22: 2020–2025 | G22: % / Rp | H22: pengeluaran rata-rata per kapita sebulan makanan nonmakanan jawa timur | I22: Rata-rata Pengeluaran per Kapita Sebulan Makanan dan Bukan Makanan di Daerah Perkotaan dan Perdesaan Menurut Kabupaten/Kota di Provinsi Jawa Timur (rupiah) | J22: BPS Jatim / BPS pusat | K22: https://jatim.bps.go.id/id/statistics-table/3/V1ZKMWVrSTNOek5ZZUZOcVZEZGFValJvV0hWalFUMDkjMw==/rata-rata-pengeluaran-per-kapita-sebulan-makanan-dan-bukan-makanan-di-daerah-perkotaan-dan-perdesaan-menurut-kabupaten-kota-di-provinsi-jawa-timur--rupiah---2023.html?year=2020 | L22: 2020-2025 | M22: 3 okt 2026 | N22: 0.14652778 | O22: xlsx | P22: d18_pengeluaran_rt_jatim.xlsx | Q22: Hitung share makanan. | R22: tahun | S22: Selesai | T22: =IF(OR(I22="",K22="",L22="",M22=""),"","Badan Pusat Statistik, """&I22&","" BPS, "&L22&". [Online]. Available: "&K22&". Accessed: "&TEXT(M22,"mmm. d, yyyy")&".") -> Badan Pusat Statistik, "Rata-rata Pengeluaran per Kapita Sebulan Makanan dan Bukan Makanan di Daerah Perkotaan dan Perdesaan Menurut Kabupaten/Kota di Provinsi Jawa Timur (rupiah)," BPS, 2020-2025. [Online]. Available: https://jatim.bps.go.id/id/statistics-table/3/V1ZKMWVrSTNOek5ZZUZOcVZEZGFValJvV0hWalFUMDkjMw==/rata-rata-pengeluaran-per-kapita-sebulan-makanan-dan-bukan-makanan-di-daerah-perkotaan-dan-perdesaan-menurut-kabupaten-kota-di-provinsi-jawa-timur--rupiah---2023.html?year=2020 . Accessed: 3 okt 2026. | U22: Hanya jika waktu ada; menguatkan narasi daya beli. | [Audit 3 Okt] Tersedia makanan & bukan makanan; total dihitung = makanan + bukan makanan. Bukan makanan Kota Batu 2023 = 2025 persis (perlu cek).
A23: D19 | B23: Konteks (opsional) | C23: Inflasi / IHK Jawa Timur | D23: 2 | E23: Provinsi Jatim | F23: 2025 | G23: % | H23: inflasi tahunan jawa timur / indeks harga konsumen | I23: Inflasi Tahunan / Year-on-Year (y-on-y) Menurut Kelompok dan Subkelompok Pengeluaran Provinsi Jawa Timur, 2025 | J23: BPS Jatim | K23: https://jatim.bps.go.id/id/publication/2026/02/27/0f94ddcd7070fb35513c4456/indeks-harga-konsumen-provinsi-jawa-timur-2025.html | L23: 2025 | M23: 3 okt 2026 | N23: 0.15208333 | O23: xlsx | P23: d19_inflasi_jatim.xlsx | Q23: Gunakan data tahunan (Des ke Des). | R23: tahun | S23: Selesai | T23: =IF(OR(I23="",K23="",L23="",M23=""),"","Badan Pusat Statistik, """&I23&","" BPS, "&L23&". [Online]. Available: "&K23&". Accessed: "&TEXT(M23,"mmm. d, yyyy")&".") -> Badan Pusat Statistik, "Inflasi Tahunan / Year-on-Year (y-on-y) Menurut Kelompok dan Subkelompok Pengeluaran Provinsi Jawa Timur, 2025," BPS, 2025. [Online]. Available: https://jatim.bps.go.id/id/publication/2026/02/27/0f94ddcd7070fb35513c4456/indeks-harga-konsumen-provinsi-jawa-timur-2025.html. Accessed: 3 okt 2026. | U23: Opsional.
A24: D20 | B24: Pendukung non-BPS | C24: Batas wilayah digital kab/kota Jatim (GeoJSON/Shapefile) | D24: 3, 4, 9 | E24: 38 poligon | F24: — | G24: — | H24: (cari di GitHub / portal data spasial: 'geojson kabupaten kota jawa timur kode bps') | I24: GeoJSON batas kab/kota Jatim (38 poligon) | J24: Non-BPS (catat sumber & lisensi) | K24: https://github.com/ghapsara/indonesia-atlas/tree/master/kabupaten-kota | M24: 3 okt 2026 | N24: 0.15972222 | O24: geojson | P24: jawa-timur.json | Q24: Filter Jatim (kode 35xx); sederhanakan geometri (mapshaper); cek CRS = EPSG:4326. | R24: kode_wilayah | S24: Selesai | T24: ghapsara, Indonesia Atlas: Indonesia lightweight TopoJSON files, GitHub repository, folder kabupaten-kota. [Online]. Available: https://github.com/ghapsara/indonesia-atlas/tree/master/kabupaten-kota. Accessed: Oct. 3, 2026. | U24: Wajib cantumkan sumber & lisensi. Cek jumlah poligon = 38. | [Audit 3 Okt] Lisensi tidak dinyatakan secara eksplisit oleh repository sumber. 38 fitur valid, tanpa kode wilayah; kode ditambahkan di src/04_geo.py (nama kembar dibedakan dengan luas poligon).
A25: D21 | B25: Pendukung | C25: Tabel kode wilayah BPS/Kemendagri kab/kota Jatim | D25: 3, 4, 9 | E25: 38 kab/kota | F25: — | G25: — | H25: kode wilayah kabupaten kota jawa timur 3501–3579 | I25: Kode Wilayah yang direlasikan adalah Kode Wilayah Kerja Statistik (Wilkerstat) BPS dengan Kode Wilayah Adminitstrasi Kemendagri. | J25: BPS / Kemendagri | K25: https://sig.bps.go.id/bridging-kode/index | M25: 3 okt 2026 | N25: 0.16666667 | O25: xlsx/csv | P25: d21_kode_wilayah.csv | Q25: Pastikan kode sama format (teks, 4 digit) di semua tabel dan GeoJSON. | R25: kode_wilayah | S25: Selesai | T25: Badan Pusat Statistik, Kode Relasi BPS dengan Kemendagri, Sistem Informasi Geografis BPS. [Online]. Available: https://sig.bps.go.id/bridging-kode/index. Accessed: Oct. 3, 2026. | U25: Join key paling sering bermasalah. Simpan sebagai TEKS agar tidak kehilangan nol/format.
A26: D22 | B26: Pendukung (buat sendiri) | C26: Pemetaan 17 lapangan usaha → sektor primer / sekunder / tersier | D26: 5, 6 | E26: 17 LU | F26: — | G26: — | H26: (dibuat sendiri; dokumentasikan di README) | I26: Pemetaan 17 lapangan usaha PDRB ke sektor primer/sekunder/tersier (dibuat sendiri) | J26: Dibuat sendiri berdasarkan klasifikasi KBLI/PDRB | O26: csv | P26: config/mapping_sektor.csv | Q26: Primer: A, B. Sekunder: C, D, E, F. Tersier: G s.d. RSTU. | R26: kode_LU | S26: Selesai | T26: =IF(OR(I26="",K26="",L26="",M26=""),"","Badan Pusat Statistik, """&I26&","" BPS, "&L26&". [Online]. Available: "&K26&". Accessed: "&TEXT(M26,"mmm. d, yyyy")&".") | U26: Pengelompokan ini adalah KEPUTUSAN desainmu: jelaskan di Metodologi. | [Audit 3 Okt] Kode di data memakai gabungan 'M,N' dan 'R,S,T,U' (17 kategori). Seluruh kategori termapping (tervalidasi).

Sheet Checklist Dosen
A1: CHECKLIST SYARAT DOSEN (to-do list)
A2: Setiap baris diambil dari lembar soal. Ubah Status menjadi Selesai saat sudah beres, dan isi kolom bukti (mis. nama file, link, atau nomor halaman).
A4: Kelompok | B4: Syarat / Tugas | C4: Rujukan | D4: Status | E4: Bukti / catatan (file, link, halaman)
A5: A. Pengumpulan | B5: Tanda tangan bukti kehadiran dan serahkan hardcopy makalah sesuai jadwal & ruang BAAK (Senin, 5 Okt 2026, 13.30–15.30) | C5: Petunjuk | D5: Belum
A6: A. Pengumpulan | B6: Unggah softcopy PDF dengan nama kelas_nim_nama.pdf ke https://s.stis.ac.id/UAS-Visdat-2026 paling lambat pada hari dan sesi ujian | C6: Petunjuk | D6: Belum
A7: A. Pengumpulan | B7: Tautan proyek tetap aktif sampai nilai akhir diumumkan (cek ulang H-1 dan hari ujian) | C7: Soal 3.b | D7: Belum
A8: B. Topik | B8: Minimal 3 dari 6 topik: Multivariat + Geospasial + Hierarki | C8: Soal 1 | D8: Belum
A9: C. Data | B9: Data utama bersumber BPS (tabel statistik/publikasi/BRS/WebAPI) | C9: Soal 2 | D9: Belum
A10: C. Data | B10: Setiap tabel dicatat: judul, tahun data, URL, tanggal akses (+jam akses) di sheet Data Inventory | C10: Soal 2.b | D10: Belum
A11: C. Data | B11: Tertulis 'Sumber: BPS' pada SETIAP visualisasi | C11: Soal 2.b | D11: Belum
A12: C. Data | B12: Data non-BPS (GeoJSON batas wilayah) dicantumkan sumber dan lisensinya | C12: Soal 2.a | D12: Belum
A13: C. Data | B13: Simpan tangkapan layar jawaban dosen (lokus Jatim, unit lebih sedikit dari 500, tahun 20–30 tahun terakhir) sebagai bukti | C13: FAQ dosen | D13: Belum
A14: D. Produk | B14: Aplikasi/laman web di-deploy, dapat diakses publik TANPA login dan instalasi | C14: Soal 3 | D14: Belum
A15: D. Produk | B15: Repositori publik GitHub/GitLab berisi kode, data terolah, dan README | C15: Soal 3 | D15: Belum
A16: D. Produk | B16: README memuat: deskripsi, sumber data, cara reproduksi, link deploy, struktur folder, deklarasi AI | C16: Soal 3 / Rubrik | D16: Belum
... A50: K. Cek rubrik | B50: Orisinalitas & kreativitas (10): tema unik, solusi visual kreatif | C50: Lamp. B | D50: Belum

Sheet Struktur Makalah
A1: STRUKTUR MAKALAH IEEE (6–8 halaman, dua kolom)
A2: Kolom 'Estimasi halaman' bisa kamu ubah (kuning). Total harus berada di 6–8 halaman. Tulis makalah SETELAH aplikasi jadi supaya tangkapan layar dan temuan sudah ada.
A4: Bagian | B4: Isi wajib | C4: Diambil dari | D4: Estimasi halaman | E4: Gambar / tabel | F4: Status | G4: Catatan
A5: Judul & penulis | B5: Judul proyek, nama, NIM, kelas, Politeknik Statistika STIS | C5: Sheet Master Plan (judul) | D5: 0.15 | E5: — | F5: Belum
A6: Abstrak (≤200 kata) + Kata kunci | B6: Latar, tujuan, data (BPS, Jatim, 2010–2025), metode (PCA, choropleth, treemap/sunburst), temuan utama, tautan. Kata kunci: visualisasi data, Jawa Timur, daya beli, PCA, choropleth, treemap | C6: Seluruh plan | D6: 0.25 | E6: — | F6: Belum
A7: I. Pendahuluan | B7: Latar belakang (daya beli & pergeseran ekonomi pasca-COVID), permasalahan (rata-rata provinsi menutupi ketimpangan), tujuan proyek, kontribusi | C7: Master Plan No. 1–2 | D7: 0.8 | E7: Opsional: 1 gambar konteks | F7: Belum
A8: II. Penelitian Terkait | B8: Kajian visualisasi sejenis dan teknik yang dipakai: peta tematik, multivariat (PCA, parallel coordinates), hierarki (treemap, sunburst), narrative visualization | C8: Sheet Kandidat Referensi | D8: 1 | E8: — | F8: Belum
A9: III-A. Metodologi: Data BPS | B9: Daftar tabel (judul, tahun, URL, tanggal akses), periode, 38 kab/kota, alasan memilih 2010 sebagai tahun awal (tahun dasar PDRB & metode IPM), konfirmasi dosen soal lokus | C9: Data Inventory (semua kolom) | D9: 0.6 | E9: Tabel ringkas sumber data | F9: Belum
A10: III-B. Pra-pemrosesan | B10: Pembersihan, penyeragaman kode wilayah, standardisasi, penanganan data hilang, pemetaan sektor (D22) | C10: Data Inventory kolom Pra-pemrosesan | D10: 0.4 | E10: — | F10: Belum
A11: III-C. Rancangan visualisasi | B11: Pemilihan teknik per topik dan alasan encoding (posisi, warna, ukuran), palet ramah buta warna, klasifikasi peta | C11: Master Plan kolom Penjelasan Desain | D11: 0.5 | E11: Diagram alur rancangan (opsional) | F11: Belum
A12: III-D. Implementasi & deployment + deklarasi AI | B12: Framework, hosting, repo, README; WAJIB deklarasi penggunaan alat bantu AI di sini | C12: Checklist J | D12: 0.3 | E12: — | F12: Belum
A13: IV-A. Hasil: tangkapan layar | B13: Screenshot tiap bagian (peta, treemap/sunburst, PCA, parallel coordinates, heatmap) | C13: Master Plan No. 3–9 | D13: 1.3 | E13: 4–6 gambar | F13: Belum
A14: IV-B. Temuan / insight | B14: Pola spasial, pergeseran struktur ekonomi, klaster dan pencilan (angka konkret dari data) | C14: Master Plan No. 9–10 | D14: 0.8 | E14: — | F14: Belum
A15: IV-C. Evaluasi rancangan & keterbatasan | B15: Kekuatan/kelemahan desain, uji di ponsel, uji buta warna, keterbatasan data (proxy, 38 unit, tahun) | C15: Checklist H | D15: 0.5 | E15: — | F15: Belum
A16: V. Kesimpulan | B16: Jawab permasalahan, 3 temuan utama, saran pengembangan | C16: Master Plan No. 11 | D16: 0.35 | E16: — | F16: Belum
... A18: Daftar Pustaka (≥10; ≥3 jurnal/konferensi internasional) | B18: Gaya IEEE; sertakan tabel BPS yang dipakai | C18: Kandidat Referensi + Data Inventory kolom Sitasi | D18: 0.7 | E18: — | F18: Belum
C19: TOTAL (target 6–8 halaman) | D19: =SUM(D5:D18) -> 7.7 | E19: =IF(AND(D19>=6,D19<=8),"OK: dalam 6–8 halaman","PERIKSA: di luar 6–8 halaman") -> OK: dalam 6–8 halaman

Sheet Kandidat Referensi
A1: KANDIDAT REFERENSI (HARUS kamu verifikasi sendiri)
A2: Daftar ini titik awal pencarian, dari ingatan model AI. Cari tiap judul di Google Scholar/IEEE Xplore/ACM DL, cek detail (tahun, halaman, DOI) sebelum dikutip, lalu salin format IEEE ke kolom kuning. Tambahkan 1–2 kajian Indonesia tentang daya beli/kelas menengah pasca-COVID dari jurnal bereputasi.
A4: No | B4: Topik | C4: Kandidat (verifikasi dulu!) | D4: Jenis | E4: Terverifikasi? | F4: Sitasi IEEE final / catatan
A5: 1 | B5: Storytelling | C5: E. Segel and J. Heer, "Narrative visualization: Telling stories with data," IEEE Trans. Vis. Comput. Graphics, 2010. | D5: Jurnal Internasional | E5: Belum | F5: Nama penulis pertama dikoreksi: Edward Segel (bukan B.).
A6: 2 | B6: Prinsip interaksi | C6: B. Shneiderman, "The eyes have it: A task by data type taxonomy for information visualizations," IEEE Symp. Visual Languages, 1996. | D6: Konferensi Internasional | E6: Belum
A7: 3 | B7: Hierarki | C7: B. Johnson and B. Shneiderman, "Tree-maps: A space-filling approach to the visualization of hierarchical information structures," IEEE Visualization, 1991. | D7: Konferensi Internasional | E7: Belum
A8: 4 | B8: Hierarki | C8: J. Stasko et al., "An evaluation of space-filling information visualizations for depicting hierarchical structures," Int. J. Human-Computer Studies, 2000. | D8: Jurnal Internasional | E8: Belum
A9: 5 | B9: Multivariat | C9: I. T. Jolliffe and J. Cadima, "Principal component analysis: a review and recent developments," Phil. Trans. R. Soc. A, 2016. | D9: Jurnal Internasional | E9: Belum
A10: 6 | B10: Multivariat | C10: A. Inselberg, "The plane with parallel coordinates," The Visual Computer, 1985. | D10: Jurnal Internasional | E10: Belum
A11: 7 | B11: Warna / peta | C11: M. Harrower and C. A. Brewer, "ColorBrewer.org: An online tool for selecting colour schemes for maps," The Cartographic Journal, 2003. | D11: Jurnal Internasional | E11: Belum
A12: 8 | B12: Persepsi | C12: W. S. Cleveland and R. McGill, "Graphical perception: Theory, experimentation, and application to the development of graphical methods," J. American Statistical Association, 1984. | D12: Jurnal Internasional | E12: Belum
A13: 9 | B13: Tools | C13: M. Bostock, V. Ogievetsky, and J. Heer, "D3: Data-Driven Documents," IEEE Trans. Vis. Comput. Graphics, 2011. | D13: Jurnal Internasional | E13: Belum | F13: Ganti dengan Vega-Lite/Plotly jika itu yang kamu pakai.
A14: 10 | B14: Tools | C14: A. Satyanarayan et al., "Vega-Lite: A grammar of interactive graphics," IEEE Trans. Vis. Comput. Graphics, 2017. | D14: Jurnal Internasional | E14: Belum
A15: 11 | B15: Spasial (opsional) | C15: L. Anselin, "Local indicators of spatial association—LISA," Geographical Analysis, 1995. | D15: Jurnal Internasional | E15: Belum | F15: Hanya jika memakai Moran's I/LISA.
A16: 12 | B16: Data | C16: BPS tabel/publikasi yang kamu pakai (isi dari kolom Sitasi IEEE di Data Inventory) | D16: Sumber BPS | E16: Belum
A17: 13 | B17: Konteks Indonesia | C17: [Cari: kajian daya beli / kelas menengah / pemulihan pasca-COVID di Indonesia atau Jawa Timur] | D17: Jurnal (cek) | E17: Belum | F17: Belum ada judul; cari sendiri.
A18: 14 | B18: Konteks Indonesia | C18: [Cari: kajian visualisasi data statistik BPS atau dasbor daerah di Indonesia] | D18: Jurnal/Konferensi (cek) | E18: Belum | F18: Belum ada judul; cari sendiri.
C20: Jumlah referensi internasional (jurnal/konferensi) yang sudah Selesai diverifikasi (target ≥3): | D20: =COUNTIFS(D5:D18,"*Internasional",E5:E18,"Selesai") -> 0
C21: Total referensi yang sudah Selesai diverifikasi (target ≥10): | D21: =COUNTIF(E5:E18,"Selesai") -> 0

Sheet Timeline
A1: TIMELINE JUMAT 2 OKT → SENIN 5 OKT 2026
A2: Ujian Senin 13.30–15.30 (hardcopy + unggah PDF paling lambat pada sesi ujian). Gunakan Minggu malam hanya sebagai cadangan.
A4: Hari | B4: Waktu | C4: Tugas | D4: Output | E4: Terkait sheet | F4: Status
A5: Jumat 2 Okt | B5: Malam (±4 jam) | C5: Kunci tema/judul dan 3 topik; STOP menimbang | D5: Keputusan final | E5: Master Plan | F5: Belum
A6: Jumat 2 Okt | B6: Malam | C6: Unduh tabel D01–D15 dari BPS (prioritas: D03–D12, D16) | D6: File mentah + log akses terisi | E6: Data Inventory | F6: Belum
A7: Jumat 2 Okt | B7: Malam | C7: Cari GeoJSON (D20) dan kode wilayah (D21); cek 38 poligon | D7: File batas wilayah | E7: Data Inventory | F7: Belum
A8: Jumat 2 Okt | B8: Malam | C8: Jika D16 (PDRB lapangan usaha kab/kota) tidak ada → putuskan fallback hierarki | D8: Keputusan fallback | E8: Data Inventory | F8: Belum
A9: Sabtu 3 Okt | B9: Pagi | C9: Bersihkan data di satu notebook; gabungkan ke format long; simpan data terolah | D9: data/processed/*.csv | E9: Data Inventory | F9: Belum
A10: Sabtu 3 Okt | B10: Pagi | C10: Bangun peta (choropleth + proportional symbol) dan interaksi | D10: Bagian Geospasial | E10: Master Plan 3–4 | F10: Belum
A11: Sabtu 3 Okt | B11: Siang | C11: Bangun treemap + sunburst dengan breadcrumb | D11: Bagian Hierarki | E11: Master Plan 5–6 | F11: Belum
A12: Sabtu 3 Okt | B12: Siang–Sore | C12: Bangun PCA + parallel coordinates + heatmap, brushing & linking | D12: Bagian Multivariat | E12: Master Plan 7–9 | F12: Belum
A13: Sabtu 3 Okt | B13: Sore | C13: Rangkai opening, konteks, closing; palet ramah buta warna; deploy | D13: Link publik aktif | E13: Master Plan 1–2, 11 | F13: Belum
A14: Sabtu 3 Okt | B14: Malam | C14: Uji di ponsel; buat repo publik + README + data terolah | D14: Repo publik | E14: Checklist D, H | F14: Belum
A15: Minggu 4 Okt | B15: Pagi | C15: Ambil screenshot final; cari & verifikasi referensi | D15: Gambar + daftar pustaka | E15: Kandidat Referensi | F15: Belum
... A19: Senin 5 Okt | B19: Pagi | C19: Cek link publik & repo masih aktif; unggah PDF ke tautan; siapkan demo | D19: Bukti unggah | E19: Checklist A | F19: Belum
